500,500, # demand points, # candidate sites
37,46,7
1,18,3
24,52,8
33,64,9
21,35,1
49,7,8
7,11,3
45,54,7
25,3,3
63,56,2
30,56,9
66,62,1
12,6,9
19,47,1
29,67,9
48,48,4
17,21,3
5,18,10
14,10,1
34,43,10
36,23,6
26,40,5
1,7,6
9,34,3
66,17,7
23,29,6
61,45,9
8,25,3
64,64,4
61,67,1
19,46,1
3,14,10
64,67,6
16,33,8
43,45,10
32,53,8
66,70,5
10,19,3
44,44,4
17,50,8
67,1,6
43,10,5
49,47,8
14,65,4
59,47,5
57,45,6
37,2,10
56,65,9
51,56,5
61,4,10
9,19,8
52,19,3
5,69,6
4,67,3
31,70,7
63,3,4
57,20,8
42,21,5
22,36,8
27,52,2
38,6,7
40,6,9
2,3,3
15,54,2
59,63,8
41,11,3
18,11,9
34,1,3
7,23,7
25,26,5
26,1,2
12,12,4
11,11,9
28,24,1
49,39,7
15,7,5
53,8,9
6,28,8
46,4,3
55,19,5
4,18,7
13,19,10
33,18,7
70,39,4
14,42,4
45,1,5
49,44,8
39,43,4
16,67,9
29,40,5
36,32,7
58,24,8
1,39,5
32,58,1
16,27,1
66,8,3
66,30,3
40,33,10
41,38,7
69,13,1
47,8,6
52,31,8
42,50,4
44,15,6
15,30,10
58,45,1
51,59,2
60,58,8
9,10,8
9,59,4
19,29,3
49,1,7
62,1,5
17,8,1
7,59,2
68,1,10
24,49,6
58,10,1
17,58,5
47,16,6
56,60,8
67,70,1
48,55,3
30,12,2
47,38,2
57,58,4
49,21,6
41,49,6
51,43,5
2,49,2
13,31,7
13,12,2
34,30,1
48,49,10
63,68,9
51,18,1
23,15,2
8,65,10
23,31,8
9,28,2
11,53,5
68,68,2
14,58,10
70,11,1
12,27,3
62,54,3
21,59,10
12,18,10
21,57,4
7,30,5
6,56,5
62,37,1
24,38,7
31,69,10
50,41,4
22,3,8
19,59,5
51,32,10
58,70,6
6,51,1
17,26,3
66,2,2
54,27,4
7,49,4
16,20,3
46,11,2
67,4,4
1,12,7
65,6,1
38,59,1
53,31,10
44,68,7
3,34,5
25,54,9
53,27,7
52,70,7
65,36,1
39,27,6
3,33,6
33,6,6
69,42,2
56,43,2
67,5,8
66,63,9
39,50,3
8,20,2
52,2,8
61,63,7
20,43,3
43,56,3
67,26,7
26,56,5
2,43,6
25,67,2
32,51,8
66,31,1
1,2,3
5,11,3
36,10,7
68,62,5
62,13,6
65,30,8
61,1,1
37,66,10
52,40,6
63,61,7
25,27,6
43,22,8
44,53,5
43,51,3
31,58,6
13,18,8
1,27,6
70,4,3
39,16,8
15,66,9
54,6,4
46,1,6
45,16,5
37,28,8
18,36,10
66,20,4
9,15,3
14,2,8
66,34,5
24,24,2
31,51,10
58,47,10
65,56,5
47,9,8
50,31,4
59,65,10
25,32,5
19,67,7
23,13,9
19,30,2
22,10,5
58,7,6
57,28,1
66,52,1
32,7,8
2,44,6
24,44,9
59,57,5
22,8,9
41,25,6
59,41,3
52,48,4
42,45,3
55,54,10
10,30,2
56,13,5
60,11,5
31,63,6
32,42,4
16,18,9
16,22,7
18,8,5
3,64,10
27,19,1
62,33,2
17,66,4
3,48,10
6,49,6
24,20,2
48,10,10
51,37,9
6,24,6
9,55,5
33,29,9
16,59,7
26,2,4
21,6,7
68,15,7
11,56,9
39,23,7
34,37,4
35,36,3
12,58,10
45,35,9
8,16,2
37,42,3
43,39,5
28,14,6
38,5,8
51,17,10
49,26,7
33,45,7
33,42,4
3,50,6
7,61,9
39,55,5
8,14,1
37,43,1
23,47,2
30,26,2
17,16,10
62,31,10
5,15,10
20,63,5
40,40,10
19,65,8
37,9,10
29,29,6
55,21,4
40,56,8
9,52,2
23,56,9
31,30,1
50,30,4
44,69,7
24,8,4
44,58,6
35,24,3
11,67,10
61,22,6
66,23,2
54,39,8
9,26,2
6,34,5
68,29,3
65,61,2
34,7,9
63,19,6
65,65,2
21,40,10
38,56,9
53,43,2
39,49,1
20,66,8
38,11,8
39,4,3
33,19,5
49,43,7
64,3,8
62,6,10
5,47,7
4,27,2
28,20,9
30,38,9
69,40,5
33,52,7
13,50,2
19,70,2
67,62,10
41,17,3
45,49,9
12,32,1
15,62,10
65,28,2
35,63,6
11,39,5
43,52,4
13,47,6
18,44,10
37,67,5
28,40,8
23,55,8
13,67,8
8,49,10
7,54,8
70,41,5
30,19,2
18,68,4
2,29,4
47,52,2
70,58,4
28,42,2
21,5,3
42,12,4
19,24,10
51,10,9
48,35,2
20,41,3
58,55,2
50,59,1
10,13,8
29,8,1
54,41,4
10,36,7
39,45,2
51,19,1
43,63,3
14,29,7
56,66,6
31,5,2
6,8,2
32,3,3
13,27,2
64,37,9
21,9,3
17,1,9
36,65,6
2,34,6
49,13,4
51,13,9
43,4,7
66,13,7
31,38,2
16,49,9
70,26,2
27,50,3
56,1,9
3,46,4
52,32,5
49,70,1
18,61,6
41,13,4
1,31,1
46,29,9
7,67,3
12,40,4
59,36,1
24,16,5
57,33,3
57,5,7
45,68,9
9,64,6
47,28,1
45,46,10
27,36,4
46,35,5
25,62,10
15,65,1
22,34,1
5,48,3
40,42,1
27,2,7
68,51,2
7,58,2
12,49,8
46,8,5
15,5,4
47,23,6
63,8,10
16,57,1
60,20,8
54,33,6
64,7,4
67,67,10
34,21,6
1,40,6
1,8,6
6,63,7
70,62,3
58,43,8
19,43,5
46,5,1
62,9,3
3,61,5
20,8,2
7,68,8
1,41,2
29,35,3
42,24,9
70,13,2
70,14,7
19,17,1
15,49,10
58,51,8
17,30,3
14,34,9
4,29,5
19,22,8
52,16,5
12,70,4
6,35,10
60,34,4
47,67,1
59,16,6
41,12,4
43,61,9
26,5,1
62,4,9
4,34,7
6,23,5
33,4,6
5,37,1
49,56,5
26,15,10
36,66,7
28,32,8
69,46,7
65,4,8
31,52,10
25,21,7
25,31,1
48,66,7
70,21,8
11,44,1
30,69,6
65,24,2
25,50,9
37,17,10
19,27,1
68,21,5
15,48,6
27,20,1
40,65,9
8,56,6
37,60
46,33
37,33
11,20
4,64
66,55
61,57
27,5
23,35
65,37
19,56
53,4
27,16
56,50
29,66
52,22
26,17
50,13
17,4
1,16
24,53
4,13
50,2
48,37
15,31
58,32
18,53
67,6
2,51
49,51
31,24
42,55
5,67
28,16
24,13
50,57
63,41
10,11
40,26
30,35
46,31
12,2
44,31
65,57
38,28
45,25
19,3
44,4
9,20
58,39
58,46
57,51
16,23
63,15
41,7
63,50
52,23
52,63
24,42
70,61
14,35
44,13
18,6
25,42
19,38
52,12
53,50
11,41
2,13
38,37
2,59
44,12
12,28
45,24
13,59
37,41
50,19
15,47
63,18
26,50
57,9
43,47
6,2
47,30
16,25
46,68
64,33
50,22
58,66
4,3
56,40
39,40
15,58
26,60
42,54
6,36
67,44
20,67
29,39
9,4
59,69
66,51
10,59
57,44
8,23
37,37
26,52
51,26
57,65
29,11
18,46
30,45
46,50
7,66
17,61
33,7
17,17
47,48
20,39
14,56
32,62
42,49
30,63
4,44
31,54
51,61
32,45
53,61
39,59
58,18
31,64
64,30
70,25
5,30
45,69
44,10
27,7
15,1
32,69
18,24
43,12
42,60
3,53
36,53
70,65
57,59
13,37
28,62
46,69
24,22
36,60
43,68
68,23
30,66
17,24
22,21
11,6
46,51
47,59
12,69
16,38
49,33
8,35
27,27
22,13
62,53
67,42
51,36
18,32
2,19
58,8
2,7
49,38
59,67
7,35
64,69
60,10
22,40
69,26
59,35
18,56
12,42
53,68
57,46
25,70
59,10
47,56
46,27
38,22
31,34
15,14
21,8
50,5
14,40
15,37
23,60
7,18
26,4
51,2
61,8
2,18
35,68
2,39
48,65
20,49
42,38
48,13
43,2
19,34
20,40
45,30
66,3
27,34
25,35
4,35
69,15
67,30
9,1
66,7
18,7
45,48
31,47
11,9
31,42
5,19
29,64
18,55
15,19
63,1
68,4
34,36
58,16
63,60
68,59
41,55
51,12
60,66
20,44
27,46
44,62
19,14
26,25
17,45
44,47
54,28
36,18
69,60
19,2
17,69
26,30
4,56
70,55
46,26
61,60
31,17
13,6
12,52
27,57
29,2
22,32
42,42
26,67
37,1
40,2
35,3
50,55
18,5
62,69
5,55
47,39
60,43
34,4
38,49
15,57
63,55
51,16
7,7
55,13
7,36
49,10
3,44
58,42
19,32
35,43
65,19
51,20
8,70
41,60
58,57
58,33
65,25
32,18
62,41
54,67
20,53
7,63
48,32
4,4
47,19
52,56
67,33
45,50
36,37
22,26
55,66
44,26
10,42
11,38
64,60
53,23
9,49
1,3
18,29
35,11
17,28
9,16
56,52
47,63
35,62
54,44
62,23
2,61
57,23
24,65
34,35
53,54
63,10
51,44
53,28
14,26
6,6
53,58
52,44
70,28
2,60
12,67
47,40
11,14
2,5
40,15
19,10
49,42
36,4
7,53
16,13
70,69
60,48
59,31
25,41
29,30
36,48
19,40
54,59
34,6
31,40
44,34
37,19
55,25
25,18
66,35
32,32
24,39
19,62
56,20
20,46
16,64
17,6
39,26
9,8
24,43
18,31
45,27
23,25
2,65
14,28
27,32
58,64
12,60
15,40
50,4
34,57
29,1
49,5
12,3
45,3
60,7
10,56
30,47
38,63
40,57
60,53
64,57
51,60
34,10
48,17
67,61
40,59
42,8
17,20
5,54
33,39
11,8
62,15
15,28
33,51
32,11
46,61
70,38
2,48
28,10
10,3
36,11
67,48
14,61
42,23
7,37
38,61
62,62
18,43
39,34
11,55
37,23
18,21
28,17
24,26
32,63
20,55
7,14
69,52
48,42
61,5
5,41
27,70
65,69
2,12
14,7
14,37
6,31
20,11
22,67
14,8
5,10
67,2
69,66
59,9
33,38
65,31
31,55
61,9
61,46
69,27
20,47
55,29
64,12
16,29
6,66
10,4
42,9
27,26
3,28
50,69
27,55
45,38
54,58
48,43
52,15
69,63
56,33
36,3
49,17
24,32
36,70
27,69
52,45
4,8
52,21
50,12
32,9
4,31
25,15
10,5
25,36
59,40
54,69
39,57
63,49
31,35
26,59
5,12
66,66
8,28
50,6
4,5
38,48
56,51
8,3
33,54
31,12
33,23
21,15
